,id,prolific_pid,events,updated_at,created_at,browser_width,browser_height,start_at,end_at,duration,study_version
0,d5524905-e780-4288-a3af-01954033e55c,alpha-2,[],,2021-08-14 04:31:10.397509+00:00,1790,951,,,,1
1,c95980d7-788d-46fa-8e55-6d933986a840,alpha-3,[],,2021-08-14 04:50:05.497935+00:00,1790,951,,,,1
2,a623d376-c21d-4d25-b1af-c1c2424e3355,alpha-3,[],,2021-08-14 04:58:46.883166+00:00,1790,951,,,,1
3,90a344b1-7f38-4033-97e0-da09c18aa9f1,alpha-4,[],2021-08-14 05:18:05.720481+00:00,2021-08-14 04:58:58.270131+00:00,1790,951,2021-08-14 04:58:58.053000+00:00,2021-08-14 05:18:05.616000+00:00,1147.0,1
4,1bf1417e-7f00-4128-86e2-81a1a5229021,,[],,2021-08-14 05:44:59.347917+00:00,1790,951,,,,1
5,ccbb2e26-ee4a-43f7-8e49-091435e797a4,,[],,2021-08-14 05:45:23.781419+00:00,1790,951,,,,1
6,afa1c2ed-2ec4-4995-821e-a7a392f358dd,,[],,2021-08-14 05:45:40.491974+00:00,1790,951,,,,1
7,04016499-f37c-4710-ae6c-041a08e4f3e3,,[],,2021-08-14 05:47:00.092476+00:00,1790,951,,,,1
8,b5b8a4a4-ff8c-45be-95e7-ed8b8a36346b,,[],,2021-08-14 05:47:08.993814+00:00,1790,951,,,,1
9,63a0b8f1-c5a7-4b46-9086-07a07296e2bc,,[],,2021-08-14 05:54:34.502431+00:00,1790,951,,,,1
10,93bdab6e-5ab4-4bc9-9106-ac35cc43b865,,[],,2021-08-14 17:50:14.952827+00:00,1790,951,,,,1
11,af9b23dd-29ba-434d-b7e8-f97a6df3e2ea,alpha-5,[],2021-08-14 17:56:17.347066+00:00,2021-08-14 17:50:28.551452+00:00,1790,951,2021-08-14 17:50:28.198000+00:00,2021-08-14 17:56:16.994000+00:00,348.0,1
12,1768c119-53f2-440c-93f3-f562e78ae6db,,[],,2021-08-14 17:57:42.471946+00:00,1790,951,,,,1
13,760314b9-241f-4386-8ca2-7ee2a3d24c40,,[],,2021-08-14 17:57:52.561720+00:00,1790,951,,,,1
14,16d55a03-8876-49e3-abfd-e49326fe7290,,[],,2021-08-14 17:58:28.205459+00:00,1790,951,,,,1
15,d7635f6c-f872-4eba-89dc-3f57b6fae94c,,[],,2021-08-14 17:59:11.378523+00:00,1790,951,,,,1
16,1410472b-3379-42fa-8c39-25997e6ca2ab,pilot:0,[],,2021-08-14 19:20:30.566165+00:00,1790,951,,,,1
17,e3ce1461-3063-4a37-b057-242a607fb5f0,pilot%3A1,[],,2021-08-14 19:22:48.081807+00:00,375,812,,,,1
18,62f9a64a-4738-4a0b-8adf-21a17b049290,team,[],,2021-08-15 16:09:03.814915+00:00,1792,922,,,,1
19,26cf9efe-b03e-4ff2-8fe1-4c48cc80171a,pilot,[],,2021-08-17 00:23:18.684886+00:00,2560,1218,,,,1
20,bc33c6a8-96e6-4653-af28-39d0dfb9cec2,pilot:3,[],,2021-08-17 00:45:51.361616+00:00,414,591,,,,1
21,81db662b-6a7c-4532-a183-883790d7e607,pilot%3A3,[],,2021-08-17 00:46:26.049906+00:00,1536,2365,,,,1
22,ce328fa1-7cbf-4226-b784-a82a14b3eb60,pilot%3A3,[],,2021-08-17 00:46:52.237438+00:00,375,812,,,,1
23,7c08dcde-e555-4d19-b013-8c20158f6314,pilot-vcg,[],,2021-08-17 02:44:16.585053+00:00,2560,1218,,,,1
24,543b3481-acad-4854-b068-99e6f094a95a,pilot-vcg,[],,2021-08-17 02:44:27.308154+00:00,2560,1218,,,,1
25,dd4891c8-20a2-4672-ae04-6fa2ce096e59,pilot-vcg,[],,2021-08-17 02:49:36.256182+00:00,2560,1218,,,,1
26,8873983a-32e1-4774-a49c-d7b41a973a5a,pilot-vcg,[],,2021-08-17 02:50:13.445724+00:00,375,641,,,,1
27,21cbafbc-a31f-41c9-aecb-89c0d08085b1,,[],,2021-08-17 02:54:25.955670+00:00,1280,2244,,,,1
28,7f8e49e3-62e7-48e2-9a9b-b7ec2e96b3aa,,[],,2021-08-17 03:02:05.337608+00:00,1280,1859,,,,1
29,4c1fb767-d468-4c88-aed9-02a2a03b0adf,pilot-vcg,[],,2021-08-17 03:19:13.497035+00:00,1536,722,,,,1
30,6fff96fb-703d-43a0-84dd-8519403b3e2d,pilot-vcg,[],,2021-08-17 03:19:54.574124+00:00,1536,722,,,,1
31,e54333b4-bc4b-400e-879e-e108384f4456,pilot-vcg,[],,2021-08-17 15:00:53.495084+00:00,1440,682,,,,1
32,99c973c3-cba1-42b7-9310-76dd624da4ad,pilot-vcg,[],,2021-08-17 15:02:27.722030+00:00,1440,682,,,,1
33,a9c36a3b-7d25-42b6-9a48-433ce3d504e9,pilot-vcg,[],,2021-08-17 15:16:27.736859+00:00,1364,657,,,,1
34,290f177a-3061-435a-aa16-626364db7646,pilot-vcg,[],,2021-08-17 15:18:29.009420+00:00,1364,657,,,,1
35,6c34ede0-a74e-484b-a5b4-9ffb7b89fbea,pilot:2,[],2021-08-17 15:56:10.839956+00:00,2021-08-17 14:44:45.442740+00:00,1440,820,2021-08-17 14:44:44.101000+00:00,2021-08-17 15:56:10.671000+00:00,4286.0,1
36,201f56dc-aa34-46a6-8058-60973a8676d3,testing,[],,2021-08-17 16:20:26.383782+00:00,1791,951,,,,1
37,5c0228fa-5751-4fb2-b404-46bab5631b9b,pilot-vcg,[],,2021-08-17 16:25:38.678495+00:00,1280,1223,,,,1
38,542f6585-d204-4963-b0b7-bab448485710,pilot-vcg,[],,2021-08-17 16:25:57.187244+00:00,1680,793,,,,1
39,78b9e609-e7a2-491b-8f37-2093d9aaedc7,testing,[],,2021-08-17 16:36:34.211777+00:00,1791,951,,,,1
40,26816977-d9af-41ed-b685-8690713f1d08,pilot-vcg,[],,2021-08-17 16:51:37.465824+00:00,1440,820,,,,1
41,a8afdf79-cb3f-46df-8a49-c578e03ce05d,pilot-vcg,[],,2021-08-17 16:59:40.932278+00:00,1440,820,,,,1
42,ccc82234-2781-4d3d-90da-6099e5e1df36,pilot:1,[],2021-08-17 17:07:10.364482+00:00,2021-08-17 15:26:11.999320+00:00,800,706,2021-08-17 15:26:11.240000+00:00,2021-08-17 17:07:10.288000+00:00,6059.0,1
43,799d38c2-61a0-49ed-9010-6190bcaadeb9,pilot-vcg,[],,2021-08-17 18:16:39.390848+00:00,1553,1410,,,,1
44,63e4ff22-3177-4867-b40a-e4eb6db57aea,pilot-vcg,[],,2021-08-17 20:06:04.406620+00:00,393,719,,,,1
45,edfe4741-28fc-40d2-9625-8472ae037ad1,pilot-vcg,[],,2021-08-17 20:08:09.176296+00:00,980,1793,,,,1
46,ea72511e-e960-4fb6-8353-383cc10a47c3,pilot,[],,2021-08-17 20:11:39.734500+00:00,1295,532,,,,1
47,8fe56e13-b671-4f60-babf-f50c8f6657d4,pilot-vcg,[],,2021-08-17 20:19:45.622458+00:00,393,719,,,,1
48,74629bae-b1b1-482b-bb1e-c1b63efe0f41,pilot-vcg,[],2021-08-17 21:23:58.403033+00:00,2021-08-17 20:13:43.467031+00:00,1282,848,2021-08-17 20:13:43.301000+00:00,2021-08-17 21:23:58.568000+00:00,4215.0,1
49,c788b038-a003-45f9-9a30-c19a56335159,pilot-vcg,[],,2021-08-17 22:08:36.223101+00:00,1038,674,,,,1
50,bbd88648-0f6e-4ddb-88c7-364da7e3f3ac,pilot,[],2021-08-17 22:47:44.724230+00:00,2021-08-17 20:30:59.906564+00:00,1309,591,2021-08-17 20:30:58+00:00,2021-08-17 22:47:43.771000+00:00,8205.0,1
51,1933b244-d116-4b15-bb5a-71c85ef1f84c,pilot-vcg,[],,2021-08-17 22:52:51.738636+00:00,2317,1312,,,,1
52,2324cbd3-293b-4c4a-ac8f-dc0db17c62de,pilot-vcg,[],,2021-08-17 23:14:05.450346+00:00,2078,875,,,,1
53,e7baa19e-ab75-4cb6-9865-8b83fca1e812,pilot,[],,2021-08-17 23:36:46.090120+00:00,1184,585,,,,1
54,4ac44056-5585-4d68-882c-5ba06700545f,pilot,[],,2021-08-18 00:09:10.280115+00:00,1553,784,,,,1
55,c7c3ba8c-ebdb-48f6-9389-d688dd42be83,pilot,[],2021-08-18 01:07:28.927111+00:00,2021-08-18 00:14:01.995775+00:00,1663,823,2021-08-18 00:14:01.502000+00:00,2021-08-18 01:07:28.772000+00:00,3207.0,1
56,06fd42ca-c46c-44a0-81e8-b1b0beafb942,pilot-vcg,[],,2021-08-18 02:01:23.695735+00:00,1304,2258,,,,1
57,7e60d9a7-5470-4bf3-acce-4de4e544c659,pilot-vcg,[],,2021-08-18 10:36:02.649346+00:00,384,696,,,,1
58,b120046f-8db6-4930-a3f5-87ee28e37384,pilot-vcg,[],2021-08-18 15:57:14.170304+00:00,2021-08-18 14:35:31.470108+00:00,1440,821,2021-08-18 14:35:31.103000+00:00,2021-08-18 15:57:13.732000+00:00,4902.0,1
59,4eb53151-f684-40b1-9a0a-34f8ce2bbdd1,team,[],,2021-08-18 16:17:19.178967+00:00,1553,1224,,,,1
60,6a7f8b4b-dee8-4491-a3b2-cc46d64df133,pilot-vcg,[],,2021-08-18 17:20:07.838140+00:00,1536,722,,,,1
61,77d70c9e-c10a-44bb-9b71-625c13968101,team,[],,2021-08-18 17:42:39.695411+00:00,1553,1224,,,,1
62,9eab6481-0a14-469d-b3c2-2c4b22257bf3,pilot-vcg,[],,2021-08-19 00:47:22.695145+00:00,1707,802,,,,1
63,1c553235-7062-48f1-90fe-a43c32dae2e8,pilot-vcg,[],2021-08-19 00:55:25.792108+00:00,2021-08-18 18:08:22.644111+00:00,1536,722,2021-08-18 18:08:21.348000+00:00,2021-08-19 00:55:24.064000+00:00,24422.0,1
64,0a9c1159-a01f-45a3-80ce-06918fe13690,,[],,2021-08-19 19:41:53.688047+00:00,2560,1218,,,,1
65,a5d7a9e0-8581-49b9-9a6a-33b969a072f9,team,[],,2021-08-20 00:09:28.471861+00:00,2178,3052,,,,1
66,658e8455-7402-471f-98b7-116904189e24,,[],,2021-08-20 21:20:03.584002+00:00,1792,951,,,,1
67,7fa6c255-6542-4fd7-b88f-69f8cbf7d622,,[],,2021-08-20 21:20:53.583819+00:00,1792,951,,,,1
68,bf6873a8-f59c-4a5d-a744-3a650d534744,,[],,2021-08-20 21:23:06.695807+00:00,1792,951,,,,1
69,7e63e6b2-5507-4ec8-8dc9-7d879849f109,,[],,2021-08-20 21:24:15.606198+00:00,1792,951,,,,1
70,32b73f0b-978a-4230-b87a-3beac1811a7b,,[],,2021-08-20 21:25:05.784906+00:00,1792,951,,,,1
71,c83a7136-55c4-4de3-8bf0-6154e243f8da,,[],,2021-08-20 21:28:21.998435+00:00,1792,951,,,,1
72,32fe699e-245c-4ef4-b246-0fcbe3f614e3,,[],,2021-08-20 21:28:41.560782+00:00,1792,951,,,,1
73,56360fb3-86eb-4f8e-9be0-078598cd0ac5,,[],,2021-08-20 21:29:43.070967+00:00,1792,951,,,,1
74,eb06789e-c3a5-4490-9ad9-2816bb0a075a,,[],,2021-08-20 21:31:28.855296+00:00,1792,951,,,,1
75,6d21756b-894d-4bfb-b195-36b248b23ce2,,[],,2021-08-20 21:36:26.796192+00:00,1792,951,,,,1
76,30c9de97-353f-49b1-960b-eb7d8c0f94c4,,[],,2021-08-20 21:42:51.016601+00:00,1792,951,,,,1
77,f03fe6e1-c7b5-462f-bd90-0b6d32ee4d06,,[],,2021-08-20 21:44:49.000971+00:00,1792,951,,,,1
78,9f4f1e94-2472-43f4-86f3-78a5080e9b93,,[],,2021-08-20 21:45:28.111955+00:00,1792,951,,,,1
79,0e27f407-b997-4163-bd64-feab19254968,,[],,2021-08-20 21:45:37.373357+00:00,1792,951,,,,1
80,83284dc4-7acc-42b9-96cc-aa09927e6a6b,,[],,2021-08-20 21:46:04.798625+00:00,1792,951,,,,1
81,439e2c59-8f6c-4770-bc5c-c615c5d2614a,,[],,2021-08-20 21:49:06.388259+00:00,1792,951,,,,1
82,6c4939ed-451c-4679-87a4-202ff9930da6,,[],,2021-08-20 21:49:55.896550+00:00,1792,951,,,,1
83,817f8795-2abf-4d4b-90ba-7078c0a39bc6,,[],,2021-08-20 21:52:45.098466+00:00,1792,951,,,,1
84,4d507b98-a7bb-4747-bb9e-9118d2c68977,,[],,2021-08-20 22:00:23.988449+00:00,1792,951,,,,1
85,668ab160-ccf8-4cfd-9593-6406c1064dcb,,[],,2021-08-20 22:01:06.070896+00:00,1792,951,,,,1
86,68fc9aa6-7b2c-45fc-9551-e68f679f22cc,,[],,2021-08-20 22:01:34.686297+00:00,1792,951,,,,1
87,e0afc563-b0b3-49c6-a906-82c4f78a1130,,[],,2021-08-20 22:05:31.389087+00:00,1792,951,,,,1
88,40ac3bea-9d2f-4d83-b521-6233c66e5df6,,[],,2021-08-20 22:05:46.740037+00:00,1792,951,,,,1
89,8875012c-a4e2-4209-bc4f-2ba4b64f367d,,[],,2021-08-20 22:08:12.399312+00:00,1792,951,,,,1
90,e0bd36ea-e86a-4949-beee-85dd91c2729f,,[],,2021-08-20 22:29:40.553871+00:00,1792,951,,,,1
91,be80922e-7f5f-448a-8c5c-d9a23cc59a0e,,[],,2021-08-20 22:30:50.383006+00:00,1792,951,,,,1
92,bea21639-7224-48ff-95f9-c28be2cfc86b,alpha-6v3,[],,2021-08-21 05:13:39.121616+00:00,1792,951,,,,2
93,af2c5966-076c-4a99-83d1-ea89a0ad051d,alpha-7v2,[],,2021-08-21 05:46:46.522450+00:00,1792,951,,,,2
94,d54bdcf0-b233-4084-9046-1d2e449a0714,alpha-7v2,[],,2021-08-21 05:49:01.657768+00:00,1792,951,,,,2
95,09290d03-b695-481c-9172-329c9aaf66ae,,[],,2021-08-21 17:36:43.274170+00:00,1790,951,,,,2
96,831d0d56-6150-48e7-99d9-2a9047486565,alpha-8v2,[],2021-08-21 17:46:58.329747+00:00,2021-08-21 17:36:48.606749+00:00,1790,951,2021-08-21 17:36:48.317000+00:00,2021-08-21 17:46:58.082000+00:00,609.0,2
97,b69f91d0-4b31-484c-bdc0-bf6a132cbbf2,alpha-9v2,[],2021-08-21 18:04:55.172401+00:00,2021-08-21 17:58:57.569962+00:00,1790,951,2021-08-21 17:58:57.084000+00:00,2021-08-21 18:04:54.932000+00:00,357.0,2
98,b299177f-69b1-494f-a5cb-a1dd3c338371,alpha-10v2,[],2021-08-21 20:36:50.095942+00:00,2021-08-21 20:33:07.257407+00:00,1792,951,2021-08-21 20:33:07.007000+00:00,2021-08-21 20:36:49.937000+00:00,222.0,2
99,a825051c-72b6-468e-ad51-8ab607cf6736,alpha-11v2,[],,2021-08-21 20:58:31.877729+00:00,1792,951,,,,2
100,f100ee03-6a79-4596-ae9a-3817e5db97a4,alpha-11v2,[],2021-08-21 21:03:01.713496+00:00,2021-08-21 20:58:43.638862+00:00,1792,951,2021-08-21 20:58:43.245000+00:00,2021-08-21 21:03:01.545000+00:00,258.0,2
101,2f78fee0-ebb3-43de-b7c3-3e4e5029e737,alpha-12v2,[],2021-08-21 22:10:20.999621+00:00,2021-08-21 22:07:05.169858+00:00,1792,951,2021-08-21 22:07:04.841000+00:00,2021-08-21 22:10:20.854000+00:00,196.0,2
102,ee9feac2-7a73-4a3a-9351-b680c2a82e85,alpha-13v2,[],2021-08-21 22:26:27.278252+00:00,2021-08-21 22:23:40.263334+00:00,1792,951,2021-08-21 22:23:39.928000+00:00,2021-08-21 22:26:27.147000+00:00,167.0,2
103,7e095378-a1bd-4ca2-a637-9bf2d2bace0c,alpha-14v2,[],,2021-08-21 22:44:30.614276+00:00,1792,951,,,,2
104,a9714ddd-fbde-41e6-b565-b00ae2f6e9fd,alpha-14v2,[],,2021-08-21 22:46:30.965118+00:00,1792,951,,,,2
105,c1289171-29d1-4829-a25d-4ef3a93b80a4,alpha-14v2,[],,2021-08-21 22:47:24.885921+00:00,1792,951,,,,2
106,c452857c-0eca-4125-9abb-47fa6d6ffa65,alpha-14v2,[],,2021-08-21 22:50:07.645581+00:00,1792,951,,,,2
107,2c3b839a-7410-4455-8d36-5e5071d5dfb7,alpha-14v3,[],,2021-08-21 23:27:04.536929+00:00,1792,951,,,,2
108,6767c463-7700-4a43-904f-8d6116d104e4,alpha-15v3,[],,2021-08-21 23:34:19.494898+00:00,1792,951,,,,2
109,6ee58049-6ca2-4698-85ab-be96586188b3,alpha-15v3,[],,2021-08-21 23:35:18.847096+00:00,1792,951,,,,2
110,7a1be6f5-c512-40a1-9152-f8eb342828d7,alpha-15v3,[],,2021-08-21 23:36:06.072919+00:00,1792,951,,,,2
111,f5f21024-9cc0-4a33-8fef-e76d53abdb45,alpha-15v3,[],,2021-08-21 23:39:25.315861+00:00,1792,951,,,,2
112,f9760d17-79ba-47b1-8021-ace90e8e4602,alpha-15v3,[],,2021-08-21 23:39:48.040685+00:00,1792,951,,,,2
113,cfd9638c-a623-4c44-987d-30945929dcc8,alpha-15v3,[],,2021-08-21 23:43:26.410353+00:00,1792,951,,,,2
114,5d8edac2-9a75-4d81-82f2-714d89c6cee6,alpha-15v2,[],,2021-08-21 23:47:07.176494+00:00,1792,951,,,,2
115,f66c1f84-62e2-4f51-8ebf-e36886f5121b,alpha-15v2,[],,2021-08-21 23:49:55.371396+00:00,1792,951,,,,2
116,e29a964e-e74a-48d5-afe1-97120db8f66e,alpha-15v2,[],,2021-08-21 23:53:28.130621+00:00,1792,951,,,,2
117,04cadd2a-8469-4b99-a831-1991538f42b2,alpha-15v2,[],,2021-08-21 23:55:18.090040+00:00,1792,951,,,,2
118,cdada665-25bc-4d64-adf0-e6e21ae2699e,alpha-15v2,[],,2021-08-21 23:55:53.828536+00:00,1792,951,,,,2
119,15218686-fd8c-40c5-8fd4-e1855515b052,alpha-15v3,[],,2021-08-21 23:58:14.899983+00:00,1792,951,,,,2
120,763c52f5-ffa3-4006-a77c-4aa2e4028f09,alpha-15v3,[],,2021-08-22 00:00:56.176746+00:00,1792,951,,,,2
121,3d69c63d-a0fc-4b58-9593-639a5e0abc67,alpha-15v3,[],,2021-08-22 00:07:08.261362+00:00,1792,951,,,,2
122,883fc44c-5ea2-47e4-889a-f11806fe76e9,alpha-15v3,[],2021-08-22 00:11:23.164332+00:00,2021-08-22 00:07:10.335195+00:00,1792,951,2021-08-22 00:07:10.090000+00:00,2021-08-22 00:11:22.997000+00:00,252.0,2
123,e38ea80a-6557-4c6c-9883-878b21db9cee,alpha-15v3,[],,2021-08-22 00:34:08.188226+00:00,1792,951,,,,2
124,37adb882-9bd5-43d9-a391-cf5e367901a9,alpha-16v3,[],2021-08-22 00:36:55.012014+00:00,2021-08-22 00:34:12.493232+00:00,1792,951,2021-08-22 00:34:12.384000+00:00,2021-08-22 00:36:54.868000+00:00,162.0,2
125,38cc71a5-ec08-4c86-8c7f-5ff31d245bdc,alpha-16v3,[],2021-08-22 00:47:08.147274+00:00,2021-08-22 00:44:59.180210+00:00,1792,951,2021-08-22 00:44:59.030000+00:00,2021-08-22 00:47:08.001000+00:00,128.0,2
126,90b16675-a8ee-488a-96b7-8db4a6284438,,[],,2021-08-22 00:52:00.571623+00:00,1792,951,,,,2
127,d929e142-a201-4eb2-b85f-532a878fb052,,[],,2021-08-22 00:52:48.150586+00:00,1792,951,,,,2
128,e4e5196b-976e-4d65-89c5-0797f338e8e9,,[],,2021-08-22 00:54:31.034752+00:00,1792,951,,,,2
129,5d79c344-45f6-4350-82d2-7d3d76d7cacb,,[],,2021-08-22 00:56:23.387156+00:00,1792,951,,,,2
130,d7980933-7905-49ca-b781-e7ebfb96c502,,[],,2021-08-22 00:56:47.587468+00:00,1792,951,,,,2
131,0c2467f0-26e3-47e5-b817-559d97bf4426,,[],,2021-08-22 00:57:56.346081+00:00,1792,951,,,,2
132,944f70fc-0c8d-4fd0-8018-80916207b005,,[],,2021-08-22 00:59:10.830037+00:00,1792,951,,,,2
133,712bc631-c5a0-4942-b7b2-9692c03dad24,,[],,2021-08-22 01:01:35.316261+00:00,1792,951,,,,2
134,ae7b8b88-2194-49f8-b997-e18ec868510f,,[],,2021-08-22 01:02:33.862174+00:00,1792,951,,,,2
135,5eec95d9-6f27-41e5-bc87-42cecb81082d,alpha-17v3,[],2021-08-22 01:10:16.695892+00:00,2021-08-22 01:07:08.366217+00:00,1792,951,2021-08-22 01:07:08.022000+00:00,2021-08-22 01:10:16.547000+00:00,188.0,2
136,f790a8d8-3220-4d84-b9d8-0f39ff880fc8,pilot,[],,2021-08-22 14:01:58.076454+00:00,1264,725,,,,2
137,fe026a45-8979-47f6-91a7-a42d60cd3fe4,pilot,[],2021-08-22 14:40:58.933462+00:00,2021-08-22 14:08:28.758847+00:00,1600,784,2021-08-22 14:08:28.113000+00:00,2021-08-22 14:40:58.847000+00:00,1950.0,2
138,97c73b9d-6cf4-4205-8146-cdf0276a9581,,[],,2021-08-24 15:59:02.489815+00:00,2560,1218,,,,2
139,13b2398e-a79a-4218-a2e8-3c69ae71f3f7,alpha-17v3,[],,2021-08-24 17:01:20.094317+00:00,1792,979,,,,2
140,13adfec2-ae25-4c21-a377-9a405ae67766,alpha-17v3,[],,2021-08-24 17:05:24.051305+00:00,1792,951,,,,2
141,931e4fbd-3e2b-4b4a-8215-951f7f0cb4fc,alpha-17v3,[],,2021-08-24 17:08:25.581316+00:00,1792,951,,,,2
142,6f82d371-e10c-49cd-b3e4-83add7e0f816,alpha-17v3,[],,2021-08-24 17:19:46.711456+00:00,1791,951,,,,2
143,8cd5ebce-e78d-43cc-8e98-69bb9231c171,alpha-17v3,[],,2021-08-24 17:21:21.488657+00:00,1042,979,,,,2
144,6b5cbd3c-f2ee-4fa1-a91b-a9e9a28156f9,alpha-17v3,[],,2021-08-24 17:27:38.751886+00:00,1042,979,,,,2
145,a6c9d52b-c3f2-440e-8867-091ae79a1c3a,,[],,2021-08-24 18:02:24.942680+00:00,1792,986,,,,2
146,b3f00bed-5f49-40db-9926-480f644c19df,,[],,2021-08-24 18:03:32.943705+00:00,896,973,,,,2
147,683394e3-4b81-4a8b-ae33-8bf8f1773f48,pilot,[],,2021-08-24 18:04:16.837466+00:00,1264,753,,,,2
148,557c4188-235b-4d12-80ee-a58f47a7b499,alpha-17v3,[],,2021-08-24 18:04:59.993050+00:00,1033,951,,,,2
149,9ed4d649-aae8-4bd5-9022-9a71e174b665,alpha-17v3,[],,2021-08-24 18:05:16.860400+00:00,1033,951,,,,2
150,1794c84b-6a33-485f-9cc3-af0f6a7fa108,alpha-17v3,[],,2021-08-24 18:05:29.534594+00:00,1033,951,,,,2
151,d1ae762a-d51a-4c8d-affb-676892c66dac,alpha-17v3,[],,2021-08-24 19:53:02.197592+00:00,1792,979,,,,2
152,c171d87e-20d2-4fc0-816c-30edfa01d36d,alpha-17v3,[],,2021-08-24 20:10:12.500831+00:00,1792,951,,,,2
153,435a2751-cffc-42e8-a6c7-9ae2f5fb7a05,alpha-17v3,[],,2021-08-24 20:11:30.925442+00:00,1792,951,,,,2
154,64796c7e-2c4c-4b6c-a25e-d1135473acdc,alpha-17v3,[],,2021-08-24 20:14:35.011031+00:00,1792,951,,,,2
155,ae5adb5a-eb54-4f26-8f5d-cf980781d77c,alpha-17v3,[],,2021-08-24 20:15:26.225563+00:00,1792,951,,,,2
156,8934f9b5-a2a7-4da0-b463-1266c97dc3e7,{{%PROLIFIC_PID%}},[],,2021-08-25 01:11:30.737335+00:00,2560,1218,,,,2
157,deb19cce-20cc-462d-be9d-9d21d2d0b093,,[],,2021-08-25 01:37:22.753627+00:00,1792,952,,,,2
158,4361e336-b6f4-4b46-930d-77b94236a251,,[],,2021-08-25 01:38:34.605826+00:00,1792,952,,,,2
159,31298555-f488-4f00-ab50-31dd3cb6f5a6,,[],,2021-08-25 01:40:29.926150+00:00,1792,952,,,,2
160,3de329d0-1c2b-43fa-958b-bf664e4ebf77,,[],,2021-08-25 01:44:28.845213+00:00,1792,952,,,,2
161,538a2098-856d-446c-8898-b54d0cc2778b,,[],,2021-08-25 01:45:11.760250+00:00,1792,952,,,,2
162,6346cb2b-935f-48f8-b3cf-b2460eb4cff8,,[],,2021-08-25 01:46:13.173715+00:00,1792,952,,,,2
163,6318dab3-8815-4bb6-b295-40d335c63b00,,[],,2021-08-25 01:47:52.444807+00:00,1792,952,,,,2
164,2dd0322e-4dc8-4e1e-94d9-310cf7348aa0,,[],,2021-08-25 01:47:54.423467+00:00,1792,952,,,,2
165,cdb20fed-bf8e-4278-bd9d-318d2a24e285,,[],,2021-08-25 01:48:02.061118+00:00,1792,952,,,,2
166,04cdeebb-ebc1-4988-8c73-067de6408a02,,[],,2021-08-25 01:49:59.036614+00:00,1792,952,,,,2
167,e51bff98-819d-4c43-8636-da04d80a1ee6,,[],,2021-08-25 01:50:05.944753+00:00,1792,952,,,,2
168,f05c4855-cb86-42f8-ba46-283d708d9247,,[],,2021-08-25 01:50:38.596878+00:00,1792,952,,,,2
169,7f98e8f8-120a-46c3-b7bb-6e60077b258b,,[],,2021-08-25 01:51:06.697235+00:00,1792,952,,,,2
170,bfdb62cd-f73f-4438-886b-1611a3927711,,[],,2021-08-25 01:51:15.302062+00:00,1792,952,,,,2
171,eb41e059-5bf6-4cb5-a2db-7574f8893801,,[],,2021-08-25 01:58:36.727812+00:00,1792,952,,,,2
172,53f3904a-32c6-4fab-8cb7-9a5563737d95,,[],,2021-08-25 02:01:21.672535+00:00,1792,952,,,,2
173,7b4b4e54-3a38-45fa-8d2d-dff830c061e0,,[],,2021-08-25 02:01:53.438023+00:00,1792,952,,,,2
174,60ec641b-6696-44f6-817c-16a898791736,alpha-17v3,[],,2021-08-25 02:02:24.645121+00:00,1792,952,,,,2
175,7946186b-a2fd-4d91-a114-fe5cb3a567aa,alpha-18v3,[],,2021-08-25 02:02:51.292956+00:00,1792,952,,,,2
176,737fcff3-bafb-4352-937f-db0b79f12e82,alpha-18v4,[],,2021-08-25 02:06:47.811019+00:00,1792,952,,,,2
177,ab1e0a40-c7fb-4afe-8dd2-4c44a615f5fc,alpha-19v4,[],2021-08-25 02:29:13.245268+00:00,2021-08-25 02:20:42.341311+00:00,1792,952,2021-08-25 02:20:41.810000+00:00,2021-08-25 02:29:13.052000+00:00,511.0,2
178,1468ff90-51f4-439e-80e8-f2b23adfee58,611fe39af723f4f5c67856c7,[],,2021-08-25 03:22:21.199139+00:00,2560,1218,,,,2
179,0e92aeee-1623-4dbd-aecd-23b1444e6742,611d8e6a8f162624ce3e42db,[],,2021-08-25 03:35:56.664683+00:00,1366,657,,,,2
180,747210a2-92cd-48db-a303-81878b5e0b17,61088316e1106c6943894f86,[],,2021-08-25 03:37:16.782957+00:00,1400,715,,,,2
181,6fa8dd0a-2bf6-45fd-a2c1-e75b962c13af,611e2ece16524c8d821e8584,[],,2021-08-25 03:41:32.923583+00:00,360,589,,,,2
182,273fd893-c32d-4ad7-9844-2cc3c3aef333,611e7d1295185bf6f56fd951,[],,2021-08-25 03:46:50.630094+00:00,1330,584,,,,2
183,19276253-f715-4f22-8a7c-86e6187dd3c3,61253da64b156a1297a24481,[],,2021-08-25 03:46:59.085379+00:00,1600,795,,,,2
184,33919039-29ed-482a-b42d-ca8a0c5becf8,611d8e6a8f162624ce3e42db,[],,2021-08-25 03:59:16.445880+00:00,1366,657,,,,2
185,15f2d67b-28b4-4f2b-833d-53919f5d32db,611d8e6a8f162624ce3e42db,[],,2021-08-25 04:11:03.879620+00:00,1366,657,,,,2
186,6fb5d815-f276-455e-86e5-e8afcbb6a170,611d8e6a8f162624ce3e42db,[],,2021-08-25 04:19:17.595726+00:00,1366,657,,,,2
187,1a88fb23-73be-41ee-8183-16ddeda036b9,61244ea3d991fca0a7bc95fb,[],2021-08-25 05:32:26.827780+00:00,2021-08-25 03:49:42.909264+00:00,1388,721,2021-08-25 03:49:42.627000+00:00,2021-08-25 05:32:26.833000+00:00,6164.0,2
188,9a738eea-5973-46e2-9de2-81171fc8b99f,61253da64b156a1297a24481,[],2021-08-25 05:35:29.440122+00:00,2021-08-25 03:59:12.504832+00:00,1600,795,2021-08-25 03:59:11.794000+00:00,2021-08-25 05:35:29.061000+00:00,5777.0,2
189,b0e88573-0012-42a4-acfc-65f377c7837d,60fcede84dda746fc3514ae9,[],,2021-08-25 04:25:32.700078+00:00,1436,746,,,,2
190,c4a9b470-7f18-49b3-96c3-413dc9e442e6,60fcede84dda746fc3514ae9,[],,2021-08-25 04:26:28.226330+00:00,1436,746,,,,2
191,adff73ae-f508-436c-a8c6-042d5f7dab31,6109bd0fc45cb34e4b90a58f,[],2021-08-25 04:53:23.133548+00:00,2021-08-25 03:48:01.474598+00:00,1200,730,2021-08-25 03:48:00.607000+00:00,2021-08-25 04:53:23.008000+00:00,3922.0,2
192,90270f83-fb74-44fb-b066-b7c874f3ff35,6000d5f5eebf792047c6fd23,[],,2021-08-25 05:25:47.874682+00:00,1366,625,,,,2
193,bc7b494e-da8d-4e7c-af2c-08437f487c42,6000d5f5eebf792047c6fd23,[],2021-08-25 06:50:45.652745+00:00,2021-08-25 05:34:20.677934+00:00,1366,625,2021-08-25 05:34:18.969000+00:00,2021-08-25 06:50:45.444000+00:00,4586.0,2
194,10673c5d-28a9-4896-8072-c7d2a4b4f720,611ce5cabdfc1c56bcc4d0ff,[],2021-08-25 08:09:22.759462+00:00,2021-08-25 05:53:18.281386+00:00,1536,754,2021-08-25 05:53:14.217000+00:00,2021-08-25 08:09:24.215000+00:00,8169.0,2
195,cb8021d7-1d15-417c-bb12-41f19107b749,5e9d9dd04ca6690944caf284,[],,2021-08-26 12:28:44.787132+00:00,1707,817,,,,2
196,40faaabb-2f96-4b78-950f-f4151922ab9f,6123c50a08c2c464ecc702e6,[],,2021-08-26 12:33:55.711323+00:00,1366,625,,,,2
197,f1093010-50e5-4f32-b1e5-a023110f89e5,5e9d9dd04ca6690944caf284,[],,2021-08-26 12:54:34.576356+00:00,1707,817,,,,2
198,2d702a8b-6890-4edd-bffc-848b7dd4a9a5,5e9d9dd04ca6690944caf284,[],,2021-08-26 12:54:48.523568+00:00,1707,817,,,,2
199,463209aa-7448-4081-b95d-57049b034961,5e9d9dd04ca6690944caf284,[],2021-08-26 13:41:23.353067+00:00,2021-08-26 12:54:56.611117+00:00,1707,817,2021-08-26 12:54:56.807000+00:00,2021-08-26 13:41:23.607000+00:00,2786.0,2
200,260d75f8-6168-4965-a1b0-e65c62f9c621,611cb807922d0db4d7d5a3ac,[],2021-08-26 14:02:27.304039+00:00,2021-08-26 12:30:03.353795+00:00,1366,663,2021-08-26 12:30:30.505000+00:00,2021-08-26 14:02:55.707000+00:00,5545.0,2
201,6dc22290-998a-4fc2-8043-ee58b1bf0e07,612536d823aca41cace0c80d,[],2021-08-26 14:33:11.475040+00:00,2021-08-26 12:29:25.889789+00:00,1326,668,2021-08-26 12:29:24.885000+00:00,2021-08-26 14:33:11.622000+00:00,7426.0,2
202,d47ebf87-7ceb-4c4d-a566-bebd2e166c9b,61274ecc591116b4c46f605a,[],2021-08-26 15:20:43.843230+00:00,2021-08-26 12:33:18.306063+00:00,1366,657,2021-08-26 12:33:16.364000+00:00,2021-08-26 15:20:43.032000+00:00,10046.0,2
203,06f96ce4-c2a3-4b51-884f-9825dd76c281,6124a0d54ec50322ab1757a7,[],2021-08-26 15:24:14.823529+00:00,2021-08-26 13:53:09.912327+00:00,1536,722,2021-08-26 13:53:09.677000+00:00,2021-08-26 15:24:15.642000+00:00,5465.0,2
204,9d592d36-a672-4db7-8a1e-69541b3f4909,611d8e2817f927bbcef543ae,[],2021-08-26 16:09:12.405624+00:00,2021-08-26 14:55:02.895938+00:00,1536,754,2021-08-26 14:55:00.483000+00:00,2021-08-26 16:09:10.313000+00:00,4449.0,2
205,e1c45dde-8edb-4b87-93c3-2708f638583d,,[],,2021-08-27 18:05:50.390277+00:00,2560,1218,,,,2
206,6545d743-6b8a-45b3-871d-ad4a56977ee3,,[],,2021-08-27 19:52:15.660826+00:00,1792,952,,,,2
207,c8e75d08-af7d-49dd-86f9-c2671b0ae018,,[],,2021-08-27 19:52:25.133927+00:00,1792,952,,,,2
208,1dddeb33-e0e3-4460-9624-82f1bcf53a37,5d55d55a31022a0001428f3a,[],,2021-08-28 18:20:04.316358+00:00,1536,722,,,,2
209,7d1e0502-7805-4922-bebc-408ab3320c8c,5898b97286ff2e0001904cef,[],,2021-08-28 18:24:45.620725+00:00,1390,753,,,,2
210,5d4ed509-ed85-43d0-9243-9fc13d7056d6,6126c5ea7e103d59b6a64f95,[],,2021-08-28 18:35:41.231125+00:00,1440,820,,,,2
211,c4f2bc26-ac95-4989-a628-1266ce789718,5f13596638faee349b20fe1f,[],,2021-08-28 18:36:51.955051+00:00,1792,1041,,,,2
212,9b05d7e0-ed41-4a29-82ec-2805b4a87712,6124ce8352f12920a238d3fb,[],,2021-08-28 18:38:56.652190+00:00,1366,625,,,,2
213,843fab8d-59ff-40a7-ac17-186cfd232d44,6113bfd0a217fcc1d0922fd1,[],,2021-08-28 18:45:20.934403+00:00,1536,722,,,,2
214,37c6c692-68b1-4f62-967e-27bb2fa914af,6124ce8352f12920a238d3fb,[],,2021-08-28 18:46:24.631999+00:00,1366,625,,,,2
215,e7f4b752-8e1c-4d67-9b6c-244c64f15753,61208573d3099ef00fdc079c,[],,2021-08-28 18:46:42.490791+00:00,1440,757,,,,2
216,7bdff0d5-dedd-4a02-9006-5fdc72cc5eb1,6126c5ea7e103d59b6a64f95,[],,2021-08-28 18:58:25.673501+00:00,1440,820,,,,2
217,fd92a197-53ac-448d-aa0d-2174cc3c2b33,6113bfd0a217fcc1d0922fd1,[],,2021-08-28 19:20:35.120075+00:00,2048,962,,,,2
219,05c0d859-9754-463d-8015-c6a43b1789f1,612a71167ebcd7aefa867ced,[],2021-08-28 19:37:59.061868+00:00,2021-08-28 18:27:52.179073+00:00,1440,820,2021-08-28 18:27:51.376000+00:00,2021-08-28 19:37:58.798000+00:00,4207.0,2
220,effec122-5de5-4098-aa20-8530d7733123,611835ab90e03081cd4e6f14,[],2021-08-28 19:56:11.822026+00:00,2021-08-28 18:37:08.368571+00:00,1536,696,2021-08-28 18:37:06.972000+00:00,2021-08-28 19:56:10.836000+00:00,4743.0,2
221,8756a111-9249-4db8-bd28-61e36bf2e72d,610801d07dd2968f2d4c52aa,[],2021-08-28 20:05:27.959400+00:00,2021-08-28 18:51:11.333853+00:00,1879,939,2021-08-28 18:51:10.207000+00:00,2021-08-28 20:05:27.387000+00:00,4457.0,2
222,8cf4470e-c9c4-4213-8782-3b18ab0307a3,6126c5ea7e103d59b6a64f95,[],2021-08-28 20:11:00.859945+00:00,2021-08-28 19:39:35.902533+00:00,1200,684,2021-08-28 19:39:35.300000+00:00,2021-08-28 20:11:00.510000+00:00,1885.0,2
223,7a0deda1-30f5-4153-a6bf-bf578e936496,6113bfd0a217fcc1d0922fd1,[],2021-08-28 20:18:40.048497+00:00,2021-08-28 19:21:18.418694+00:00,2048,962,2021-08-28 19:21:40.561000+00:00,2021-08-28 20:19:02.246000+00:00,3441.0,2
224,809dd84a-c450-493d-a278-12b0d1d879c0,612403f04e5d1f0dbfeb93f3,[],2021-08-28 20:29:06.278618+00:00,2021-08-28 19:19:28.374283+00:00,1842,925,2021-08-28 19:19:26.809000+00:00,2021-08-28 20:29:04.949000+00:00,4178.0,2
225,7e83df50-29b0-433e-942e-68e00b75554a,6129091a4488538bc7654940,[],2021-08-28 20:34:51.531502+00:00,2021-08-28 18:37:59.872273+00:00,1366,663,2021-08-28 18:37:43.723000+00:00,2021-08-28 20:34:39.361000+00:00,7015.0,2
226,ecb00c0e-bd02-4ca6-9c44-bb715458d68a,6123ea6c873f4f6d73a74029,[],2021-08-28 21:20:41.019067+00:00,2021-08-28 19:04:37.415780+00:00,1366,657,2021-08-28 19:03:08.878000+00:00,2021-08-28 21:19:13.919000+00:00,8165.0,2
227,7cc34364-e8a4-4810-82a3-59a7e9d4c5e1,61268512926b628face3df10,[],2021-08-28 21:29:22.740484+00:00,2021-08-28 18:38:56.329934+00:00,1366,657,2021-08-28 18:39:05.250000+00:00,2021-08-28 21:29:32.316000+00:00,10227.0,2
228,35e87562-92af-48cb-a823-c4f8b201ffcb,5dfc941c76c03b997ad7ee96,[],2021-08-28 21:32:36.953748+00:00,2021-08-28 20:07:41.749128+00:00,1280,610,2021-08-28 20:07:41.407000+00:00,2021-08-28 21:32:36.763000+00:00,5095.0,2
229,92afa60c-90a2-4291-a3c5-1bc86833e834,612992501e9bb7c0b18fbaa5,[],2021-08-29 21:33:12.361064+00:00,2021-08-29 21:25:46.175627+00:00,2560,1215,2021-08-29 21:25:45.665000+00:00,2021-08-29 21:33:12.308000+00:00,446.0,2
230,070c1328-f1e1-444a-83da-f1a8ef0308fe,5da3a46dffef8000170ecb01,[],,2021-08-29 21:47:17.904510+00:00,1440,723,,,,2
231,9f3232de-4b8f-49cc-a2db-a7bd4f6b4fe8,612aa815e38e663a2aad2b2f,[],,2021-08-29 21:51:37.243660+00:00,414,719,,,,2
232,9feed235-2f52-40d3-ac97-81e8be1f7dcf,6128eb831d3b1442c956e881,[],,2021-08-29 21:56:05.527010+00:00,1536,2272,,,,2
233,52a8cd0e-cd21-4dc0-a164-eaaadd811d58,6122a649efda7628c15054cf,[],,2021-08-29 21:56:47.772474+00:00,1399,759,,,,2
234,de438d87-389e-4110-92d9-413f2d4148cd,612bb9f1c4860cacab6ebab1,[],,2021-08-29 21:57:18.275022+00:00,1366,657,,,,2
235,3b1f46cb-e81e-458b-936f-210686fbfaac,5b434e184fc445000156e66c,[],,2021-08-29 22:01:46.695299+00:00,1920,969,,,,2
236,9bb5078c-16f6-4b24-b48d-a527914a177b,612a69aff65fd126703fbaef,[],,2021-08-29 22:02:04.199841+00:00,1536,754,,,,2
237,57b570f9-bc9b-45e5-ab6b-d19504402f2f,61222df1b475647755333339,[],,2021-08-29 22:04:24.468569+00:00,412,741,,,,2
238,ffddea42-c6bc-494e-b70f-df9c89779fd0,612665acbe7f815c6bd7f1c8,[],,2021-08-29 22:06:54.752582+00:00,1366,625,,,,2
239,41446b8c-3b7d-48b3-b566-3ff8a554940a,5d34a43a85a2ab0017b5fb08,[],,2021-08-29 22:06:55.271916+00:00,1366,657,,,,2
240,3f41331c-43f1-4cd2-a572-33630c62b025,611cfda46e28a6675bc39937,[],,2021-08-29 22:07:13.021353+00:00,1366,663,,,,2
241,32607c1b-ee2c-4566-9afa-6e23c519332d,5fbd90a279deff1addee6b3e,[],,2021-08-29 22:07:25.094945+00:00,1264,581,,,,2
242,724d6a84-f676-4c19-bace-c955f18449fd,611eb5a6855cd97f7ac048f9,[],,2021-08-29 22:07:39.430828+00:00,1366,2284,,,,2
243,c089957b-9024-4acf-9900-a3af37c6fcca,611cdc065226bda7f3fce409,[],,2021-08-29 22:07:59.199325+00:00,1304,665,,,,2
244,1c9e476d-d1bf-4802-827f-b0ceb033744a,612ab561ef4db17b9a3d65c9,[],,2021-08-29 22:08:03.524798+00:00,390,664,,,,2
245,a464a64a-cd85-4e93-9296-e755743bddd3,612ab561ef4db17b9a3d65c9,[],,2021-08-29 22:10:34.110429+00:00,390,664,,,,2
246,5fdb5fc4-fc10-48c0-8233-ae49a68e4a6e,61222df1b475647755333339,[],,2021-08-29 22:12:28.767420+00:00,1366,657,,,,2
247,48859491-df9a-4ac5-8806-d83e0e512d75,5f59220e0039b012971bba0f,[],,2021-08-29 22:17:47.268679+00:00,1559,759,,,,2
248,6260a60e-eaa3-425b-a714-708042fc6c17,5d34a43a85a2ab0017b5fb08,[],,2021-08-29 22:20:59.989375+00:00,1366,657,,,,2
249,2d244001-0f0f-4504-b3bb-26917b1ae69e,612bb9f1c4860cacab6ebab1,[],,2021-08-29 22:25:45.536834+00:00,1366,657,,,,2
250,97f49aeb-3657-406e-baaf-e9969f059785,612a69aff65fd126703fbaef,[],,2021-08-29 22:29:52.442681+00:00,1536,754,,,,2
251,a5eaf57e-706a-4cee-ae55-8dbae16e90a1,611cdc065226bda7f3fce409,[],,2021-08-29 22:39:01.156936+00:00,1304,665,,,,2
252,24119e26-207e-4ad6-a60d-5264e8bd1655,61255201c0ebf205e4148fba,[],,2021-08-29 22:41:58.250355+00:00,1920,973,,,,2
253,a452c91f-d8f3-465a-9bb0-f298b00495e6,6125307bafbd3f731f63a9a2,[],,2021-08-29 22:42:06.311829+00:00,1536,722,,,,2
254,4c8b457f-da89-455a-bfae-b2bda309ad00,6125307bafbd3f731f63a9a2,[],,2021-08-29 22:43:36.264546+00:00,1536,722,,,,2
255,ee661900-8479-4422-91cb-7dc86b3d6b75,612ade42b70fe26e69f7cff8,[],2021-08-29 22:51:12.087165+00:00,2021-08-29 22:07:05.843706+00:00,969,916,2021-08-29 22:07:05.307000+00:00,2021-08-29 22:51:12.006000+00:00,2646.0,2
256,777d27a1-45a1-4bdf-952a-dad82ae342c8,612baf782021c0c7f677ece6,[],2021-08-29 23:02:53.701008+00:00,2021-08-29 21:44:25.374818+00:00,1920,941,2021-08-29 21:44:25.061000+00:00,2021-08-29 23:02:53.750000+00:00,4708.0,2
257,7ba88a48-ac0a-4765-8133-451bd8f17735,612b8d8363dcb36f403beb24,[],2021-08-29 23:08:07.961892+00:00,2021-08-29 22:05:25.958770+00:00,1920,937,2021-08-29 22:05:25.246000+00:00,2021-08-29 23:08:07.481000+00:00,3762.0,2
258,8e76a3eb-fa01-41a2-b029-72f190cd8574,6124e64c96a15397f3d2c2ef,[],2021-08-29 23:50:11.164284+00:00,2021-08-29 22:37:12.012300+00:00,1600,757,2021-08-29 22:37:10.810000+00:00,2021-08-29 23:50:10.483000+00:00,4379.0,2
259,3a8d2945-bcf0-44d7-a9bd-1930bc218448,612ab561ef4db17b9a3d65c9,[],2021-08-30 00:00:36.027765+00:00,2021-08-29 22:14:43.215340+00:00,1536,760,2021-08-29 22:14:40.622000+00:00,2021-08-30 00:00:33.771000+00:00,6353.0,2
260,51c3bfc7-21a5-45e3-9455-d69843d69d57,612665acbe7f815c6bd7f1c8,[],2021-08-30 00:04:06.327994+00:00,2021-08-29 22:09:36.837789+00:00,1366,625,2021-08-29 22:09:36.209000+00:00,2021-08-30 00:04:06.014000+00:00,6869.0,2
261,9a8f2313-af7a-47c5-8a09-0791330b0f61,6128940bb0555657fd07af0b,[],2021-08-30 01:23:38.888395+00:00,2021-08-29 22:32:22.852684+00:00,1366,606,2021-08-29 22:31:58.739000+00:00,2021-08-30 01:23:16.394000+00:00,10277.0,2
262,ed95a2b7-c448-452f-a72d-3829875dc8f0,61278a912edd1fafe839636b,[],,2021-08-29 22:47:56.232770+00:00,414,622,,,,2
263,25881a29-1a1a-4743-be2f-5bafe717f029,610a2755a88c01fdd6bbad89,[],2021-08-29 22:50:52.533065+00:00,2021-08-29 22:07:21.323918+00:00,1440,821,2021-08-29 22:07:20.930000+00:00,2021-08-29 22:50:52.390000+00:00,2611.0,2
264,43a1001d-333e-4920-934d-ac4f3f6246a3,60fcd65e8fbbc3b495954736,[],,2021-08-29 23:26:17.549399+00:00,1867,882,,,,2
265,03961a93-baf5-4e68-bb3a-64f149a019cd,612aa815e38e663a2aad2b2f,[],,2021-08-29 23:29:32.359630+00:00,414,719,,,,2
266,7ffef977-c954-4d4b-b3e0-aafd7f9ed24c,6115c195cd68dd9c7a327ea0,[],2021-08-29 23:31:50.236456+00:00,2021-08-29 21:52:05.464589+00:00,1440,710,2021-08-29 21:52:04.385000+00:00,2021-08-29 23:31:49.959000+00:00,5985.0,2
267,f1a80fdb-1aa4-4e57-a496-c27e3081e415,61267978e96853d3b974ca53,[],,2021-08-30 00:10:50.707320+00:00,1920,969,,,,2
268,26be9474-6108-4f4b-9bfe-fb3d2db4c848,61278a912edd1fafe839636b,[],2021-08-30 00:31:01.100107+00:00,2021-08-29 22:52:28.084317+00:00,1366,657,2021-08-29 22:52:23.346000+00:00,2021-08-30 00:31:02.382000+00:00,5919.0,2
269,41d68009-7be1-48a5-8c57-7c89ccd9db41,61267978e96853d3b974ca53,[],,2021-08-30 00:31:19.174356+00:00,1360,657,,,,2
270,1ca74216-fc88-4f42-8b2a-dd4cfe2bbd34,611d963a4b08e2ff149ecb51,[],2021-08-30 00:36:24.802234+00:00,2021-08-29 23:20:50.216136+00:00,1920,969,2021-08-29 23:20:50.645000+00:00,2021-08-30 00:36:25.594000+00:00,4534.0,2
271,8e6129a4-e735-43ac-b3eb-a5e85db570f3,61011e6bb314573c922e70c9,[],2021-08-30 00:40:01.590499+00:00,2021-08-29 23:29:47.256228+00:00,1360,657,2021-08-29 23:29:52.010000+00:00,2021-08-30 00:40:06.743000+00:00,4214.0,2
272,e5f3b4fb-fedd-452e-8683-6bd307906b25,612af261046bb349cfc14a71,[],2021-08-30 01:08:10.059014+00:00,2021-08-29 22:02:57.327561+00:00,1536,2387,2021-08-29 22:02:54.512000+00:00,2021-08-30 01:08:10.346000+00:00,11115.0,2
273,496335be-6f23-49fd-8fff-799ca034c051,61267978e96853d3b974ca53,[],2021-08-30 01:18:34.833933+00:00,2021-08-30 00:37:19.930739+00:00,1920,969,2021-08-30 00:37:20.572000+00:00,2021-08-30 01:18:35.461000+00:00,2474.0,2
274,c05a9485-f46b-459e-a149-cceca925436f,612aa815e38e663a2aad2b2f,[],2021-08-30 01:26:50.251279+00:00,2021-08-29 23:39:10.583480+00:00,1440,735,2021-08-29 23:39:15.513000+00:00,2021-08-30 01:26:49.937000+00:00,6454.0,2
275,054535c8-d664-421d-a267-8b586c49a52c,61034f24da19cc56177b8b59,[],2021-08-30 02:16:29.468259+00:00,2021-08-30 01:00:29.352982+00:00,1280,2181,2021-08-30 01:00:28.341000+00:00,2021-08-30 02:16:28.860000+00:00,4560.0,2
276,6a0464d2-87e9-4740-8736-17905346dea1,6122ae9b67e54054793dcc3e,[],,2021-08-30 02:22:41.144222+00:00,1920,975,,,,2
277,aa7d759f-6128-4335-9b66-06be65c72cc9,611709f6d6450610fe2b7388,[],2021-08-30 02:37:51.515102+00:00,2021-08-30 01:15:35.272694+00:00,1536,754,2021-08-30 01:15:34.665000+00:00,2021-08-30 02:37:51.335000+00:00,4936.0,2
278,93bbfd3d-25fe-4d28-b3de-0b865dd60ee8,6122ae9b67e54054793dcc3e,[],2021-08-30 02:54:09.418792+00:00,2021-08-30 01:17:38.967038+00:00,1920,975,2021-08-30 01:17:38.259000+00:00,2021-08-30 02:54:09.039000+00:00,5790.0,2
279,db1225a6-e53b-4c5e-984e-89bbb7d1c0b0,61171a54a45f9ffc236675db,[],2021-08-30 03:40:59.757270+00:00,2021-08-30 01:32:09.978945+00:00,2259,1140,2021-08-30 01:32:08.833000+00:00,2021-08-30 03:40:58.974000+00:00,7730.0,2
280,d7f34f77-6f41-44c5-a662-f32444aa3eb4,610b20b3294e622057a91c7c,[],,2021-08-30 13:32:21.636882+00:00,1920,925,,,,2
281,cbb81c95-2252-42e9-ab78-c3ee9e3d4734,610b20b3294e622057a91c7c,[],,2021-08-30 15:45:44.890279+00:00,1920,969,,,,2
282,05f10e7d-9a69-4d75-b489-11eec6b064b5,alpha-17v3,[],,2021-09-01 05:21:54.174785+00:00,1792,951,,,,2
283,5afc4d2a-a95a-4063-8d7a-2e281d3e31fe,,[],,2021-09-01 12:00:13.803977+00:00,1792,952,,,,2
